,Close**,Close**_binance-coin,Close**_dogecoin,Close**_balancer,Close**_aragon
Close**,1.0,0.4590271836220419,0.8188290242169681,0.6299250507280308,0.37189385072705106
Close**_binance-coin,0.4590271836220419,1.0,0.1193714828425781,0.6744119542476967,-0.07452685821436217
Close**_dogecoin,0.8188290242169681,0.1193714828425781,1.0,0.03962835795656978,0.5493998780788275
Close**_balancer,0.6299250507280308,0.6744119542476967,0.03962835795656978,1.0,0.9048672403195877
Close**_aragon,0.37189385072705106,-0.07452685821436217,0.5493998780788275,0.9048672403195877,1.0
